Model name,Average 5-fold test_r2,Average 5-fold test_neg_mean_squared_error,Average 5-fold test_neg_mean_absolute_error,Average 5-fold test_neg_root_mean_squared_error
Linear Regression,0.8535496030175855,-1817853.1358788018,-974.8630614661924,-1341.0898944450953
Decision Tree,0.8307048376268982,-2087149.3728783415,-1089.3499110645453,-1442.9599125923028
Random Forest,0.8959151557811993,-1289779.83350795,-847.8791991829308,-1131.4176515274485
XGBoost,0.8918122993144266,-1346047.3319551914,-872.524828027822,-1154.2940034560725
ANN,0.8390251658613195,-2024941.5657409257,-1062.13228507392,-1407.9468118852856
